season,episode,overall_episode,speaker,num_words
1,1,1,Angela,
1,1,1,Dwight,
1,1,1,Jan,
1,1,1,Jim,
1,1,1,Kevin,
1,1,1,Michael,
1,1,1,Oscar,
1,1,1,Pam,
1,1,1,Phyllis,
1,1,1,Roy,
1,1,1,Ryan,
1,1,1,Stanley,
1,1,1,Todd Packer,
1,2,2,Angela,
1,2,2,Dwight,
1,2,2,Jim,
1,2,2,Kelly,
1,2,2,Kevin,
1,2,2,Michael,
1,2,2,Oscar,
1,2,2,Pam,
1,2,2,Ryan,
1,2,2,Stanley,
1,2,2,Toby,
1,3,3,Angela,
1,3,3,Dwight,
1,3,3,Jan,
1,3,3,Jim,
1,3,3,Kevin,
1,3,3,Meredith,
1,3,3,Michael,
1,3,3,Oscar,
1,3,3,Pam,
1,3,3,Ryan,
1,3,3,Stanley,
1,4,4,Angela,
1,4,4,Dwight,
1,4,4,Jim,
1,4,4,Kevin,
1,4,4,Meredith,
1,4,4,Michael,
1,4,4,Oscar,
1,4,4,Pam,
1,4,4,Phyllis,
1,4,4,Roy,
1,4,4,Ryan,
1,4,4,Stanley,
1,4,4,Toby,
1,5,5,Angela,
1,5,5,Darryl,
1,5,5,Dwight,
1,5,5,Jim,
1,5,5,Kevin,
1,5,5,Michael,
1,5,5,Oscar,
1,5,5,Pam,
1,5,5,Phyllis,
1,5,5,Roy,
1,5,5,Ryan,
1,5,5,Stanley,
1,6,6,Angela,
1,6,6,Dwight,
1,6,6,Jan,
1,6,6,Jim,
1,6,6,Kevin,
1,6,6,Michael,
1,6,6,Oscar,
1,6,6,Pam,
1,6,6,Roy,
1,6,6,Ryan,
1,6,6,Stanley,
1,6,6,Toby,
2,1,7,Angela,
2,1,7,Darryl,
2,1,7,Dwight,
2,1,7,Jan,
2,1,7,Jim,
2,1,7,Kelly,
2,1,7,Kevin,
2,1,7,Michael,
2,1,7,Oscar,
2,1,7,Pam,
2,1,7,Phyllis,
2,1,7,Roy,
2,1,7,Ryan,
2,1,7,Stanley,
2,2,8,Angela,
2,2,8,Darryl,
2,2,8,Dwight,
2,2,8,Jan,
2,2,8,Jim,
2,2,8,Kevin,
2,2,8,Meredith,
2,2,8,Michael,
2,2,8,Pam,
2,2,8,Phyllis,
2,2,8,Roy,
2,2,8,Ryan,
2,2,8,Stanley,
2,2,8,Toby,
2,2,8,Todd Packer,
2,3,9,Angela,
2,3,9,Dwight,
2,3,9,Jim,
2,3,9,Kevin,
2,3,9,Meredith,
2,3,9,Michael,
2,3,9,Oscar,
2,3,9,Pam,
2,3,9,Phyllis,
2,3,9,Ryan,
2,3,9,Stanley,
2,4,10,Angela,
2,4,10,Dwight,
2,4,10,Jim,
2,4,10,Kelly,
2,4,10,Kevin,
2,4,10,Meredith,
2,4,10,Michael,
2,4,10,Oscar,
2,4,10,Pam,
2,4,10,Phyllis,
2,4,10,Roy,
2,4,10,Ryan,
2,4,10,Stanley,
2,5,11,Angela,
2,5,11,Creed,
2,5,11,Dwight,
2,5,11,Jim,
2,5,11,Kelly,
2,5,11,Kevin,
2,5,11,Michael,
2,5,11,Oscar,
2,5,11,Pam,
2,5,11,Phyllis,
2,5,11,Ryan,
2,5,11,Stanley,
2,6,12,Angela,
2,6,12,Dwight,
2,6,12,Jim,
2,6,12,Kelly,
2,6,12,Kevin,
2,6,12,Michael,
2,6,12,Pam,
2,6,12,Ryan,
2,6,12,Stanley,
2,6,12,Toby,
2,7,13,Dwight,
2,7,13,Jan,
2,7,13,Jim,
2,7,13,Kelly,
2,7,13,Kevin,
2,7,13,Michael,
2,7,13,Oscar,
2,7,13,Pam,
2,7,13,Phyllis,
2,7,13,Roy,
2,7,13,Ryan,
2,7,13,Toby,
2,8,14,Angela,
2,8,14,Creed,
2,8,14,Dwight,
2,8,14,Jan,
2,8,14,Jim,
2,8,14,Kelly,
2,8,14,Kevin,
2,8,14,Michael,
2,8,14,Oscar,
2,8,14,Pam,
2,8,14,Phyllis,
2,8,14,Ryan,
2,8,14,Stanley,
2,8,14,Toby,
2,9,15,Angela,
2,9,15,Dwight,
2,9,15,Jim,
2,9,15,Kelly,
2,9,15,Kevin,
2,9,15,Michael,
2,9,15,Oscar,
2,9,15,Pam,
2,9,15,Phyllis,
2,9,15,Ryan,
2,9,15,Stanley,
2,10,16,Angela,
2,10,16,Creed,
2,10,16,Darryl,
2,10,16,Dwight,
2,10,16,Jim,
2,10,16,Kelly,
2,10,16,Kevin,
2,10,16,Meredith,
2,10,16,Michael,
2,10,16,Oscar,
2,10,16,Pam,
2,10,16,Phyllis,
2,10,16,Roy,
2,10,16,Ryan,
2,10,16,Stanley,
2,10,16,Toby,
2,10,16,Todd Packer,
2,11,17,Angela,
2,11,17,Creed,
2,11,17,Darryl,
2,11,17,Dwight,
2,11,17,Jim,
2,11,17,Kelly,
2,11,17,Meredith,
2,11,17,Michael,
2,11,17,Oscar,
2,11,17,Pam,
2,11,17,Phyllis,
2,11,17,Roy,
2,11,17,Ryan,
2,11,17,Stanley,
2,12,18,Angela,
2,12,18,Creed,
2,12,18,Dwight,
2,12,18,Jim,
2,12,18,Kelly,
2,12,18,Kevin,
2,12,18,Meredith,
2,12,18,Michael,
2,12,18,Oscar,
2,12,18,Pam,
2,12,18,Phyllis,
2,12,18,Ryan,
2,12,18,Stanley,
2,12,18,Toby,
2,13,19,Angela,
2,13,19,Creed,
2,13,19,Dwight,
2,13,19,Jim,
2,13,19,Kelly,
2,13,19,Kevin,
2,13,19,Michael,
2,13,19,Oscar,
2,13,19,Pam,
2,13,19,Ryan,
2,13,19,Stanley,
2,13,19,Toby,
2,14,20,Angela,
2,14,20,Creed,
2,14,20,Darryl,
2,14,20,Dwight,
2,14,20,Jim,
2,14,20,Kelly,
2,14,20,Kevin,
2,14,20,Michael,
2,14,20,Oscar,
2,14,20,Pam,
2,14,20,Phyllis,
2,14,20,Roy,
2,14,20,Ryan,
2,14,20,Stanley,
2,14,20,Toby,
2,14,20,Todd Packer,
2,15,21,Angela,
2,15,21,Darryl,
2,15,21,Dwight,
2,15,21,Jan,
2,15,21,Jim,
2,15,21,Kelly,
2,15,21,Kevin,
2,15,21,Meredith,
2,15,21,Michael,
2,15,21,Pam,
2,15,21,Phyllis,
2,15,21,Roy,
2,15,21,Ryan,
2,15,21,Stanley,
2,16,22,Angela,
2,16,22,Creed,
2,16,22,David,
2,16,22,Dwight,
2,16,22,Jan,
2,16,22,Jim,
2,16,22,Kelly,
2,16,22,Kevin,
2,16,22,Meredith,
2,16,22,Michael,
2,16,22,Oscar,
2,16,22,Pam,
2,16,22,Phyllis,
2,16,22,Roy,
2,16,22,Ryan,
2,17,23,Angela,
2,17,23,Creed,
2,17,23,Dwight,
2,17,23,Jim,
2,17,23,Kelly,
2,17,23,Kevin,
2,17,23,Meredith,
2,17,23,Michael,
2,17,23,Oscar,
2,17,23,Pam,
2,17,23,Phyllis,
2,17,23,Ryan,
2,17,23,Stanley,
2,17,23,Toby,
2,18,24,Angela,
2,18,24,Creed,
2,18,24,Darryl,
2,18,24,Dwight,
2,18,24,Jim,
2,18,24,Kelly,
2,18,24,Kevin,
2,18,24,Meredith,
2,18,24,Michael,
2,18,24,Oscar,
2,18,24,Pam,
2,18,24,Roy,
2,18,24,Ryan,
2,18,24,Stanley,
2,18,24,Toby,
2,19,25,Angela,
2,19,25,Dwight,
2,19,25,Jan,
2,19,25,Jim,
2,19,25,Kelly,
2,19,25,Kevin,
2,19,25,Meredith,
2,19,25,Michael,
2,19,25,Oscar,
2,19,25,Pam,
2,19,25,Phyllis,
2,19,25,Ryan,
2,19,25,Stanley,
2,19,25,Toby,
2,20,26,Angela,
2,20,26,Creed,
2,20,26,Dwight,
2,20,26,Jim,
2,20,26,Kelly,
2,20,26,Kevin,
2,20,26,Michael,
2,20,26,Oscar,
2,20,26,Pam,
2,20,26,Phyllis,
2,20,26,Ryan,
2,20,26,Stanley,
2,20,26,Toby,
2,21,27,Angela,
2,21,27,Creed,
2,21,27,Dwight,
2,21,27,Jim,
2,21,27,Kelly,
2,21,27,Kevin,
2,21,27,Michael,
2,21,27,Oscar,
2,21,27,Pam,
2,21,27,Phyllis,
2,21,27,Ryan,
2,21,27,Stanley,
2,21,27,Toby,
2,22,28,Angela,
2,22,28,Creed,
2,22,28,Darryl,
2,22,28,Dwight,
2,22,28,Jan,
2,22,28,Jim,
2,22,28,Kelly,
2,22,28,Kevin,
2,22,28,Meredith,
2,22,28,Michael,
2,22,28,Oscar,
2,22,28,Pam,
2,22,28,Phyllis,
2,22,28,Roy,
2,22,28,Ryan,
2,22,28,Stanley,
2,22,28,Toby,
3,1,29,Andy,
3,1,29,Angela,
3,1,29,Creed,
3,1,29,Dwight,
3,1,29,Jan,
3,1,29,Jim,
3,1,29,Karen,
3,1,29,Kelly,
3,1,29,Kevin,
3,1,29,Meredith,
3,1,29,Michael,
3,1,29,Oscar,
3,1,29,Pam,
3,1,29,Phyllis,
3,1,29,Roy,
3,1,29,Ryan,
3,1,29,Stanley,
3,1,29,Toby,
3,2,30,Angela,
3,2,30,Creed,
3,2,30,Dwight,
3,2,30,Jan,
3,2,30,Jim,
3,2,30,Kelly,
3,2,30,Kevin,
3,2,30,Meredith,
3,2,30,Michael,
3,2,30,Pam,
3,2,30,Phyllis,
3,2,30,Ryan,
3,2,30,Stanley,
3,2,30,Toby,
3,3,31,Andy,
3,3,31,Angela,
3,3,31,Creed,
3,3,31,Dwight,
3,3,31,Jan,
3,3,31,Jim,
3,3,31,Karen,
3,3,31,Kelly,
3,3,31,Kevin,
3,3,31,Michael,
3,3,31,Pam,
3,3,31,Phyllis,
3,3,31,Roy,
3,3,31,Ryan,
3,3,31,Stanley,
3,4,32,Andy,
3,4,32,Angela,
3,4,32,Creed,
3,4,32,Dwight,
3,4,32,Jan,
3,4,32,Jim,
3,4,32,Karen,
3,4,32,Kelly,
3,4,32,Kevin,
3,4,32,Meredith,
3,4,32,Michael,
3,4,32,Pam,
3,4,32,Phyllis,
3,4,32,Roy,
3,4,32,Ryan,
3,4,32,Stanley,
3,4,32,Toby,
3,5,33,Andy,
3,5,33,Angela,
3,5,33,Dwight,
3,5,33,Jan,
3,5,33,Jim,
3,5,33,Karen,
3,5,33,Kelly,
3,5,33,Kevin,
3,5,33,Michael,
3,5,33,Pam,
3,5,33,Phyllis,
3,5,33,Ryan,
3,5,33,Stanley,
3,5,33,Toby,
3,6,34,Andy,
3,6,34,Angela,
3,6,34,Creed,
3,6,34,Dwight,
3,6,34,Jan,
3,6,34,Jim,
3,6,34,Karen,
3,6,34,Kelly,
3,6,34,Kevin,
3,6,34,Meredith,
3,6,34,Michael,
3,6,34,Pam,
3,6,34,Phyllis,
3,6,34,Roy,
3,6,34,Ryan,
3,6,34,Stanley,
3,6,34,Toby,
3,7,35,Andy,
3,7,35,Angela,
3,7,35,Darryl,
3,7,35,Dwight,
3,7,35,Jan,
3,7,35,Jim,
3,7,35,Karen,
3,7,35,Kelly,
3,7,35,Kevin,
3,7,35,Michael,
3,7,35,Pam,
3,7,35,Phyllis,
3,7,35,Roy,
3,7,35,Ryan,
3,7,35,Stanley,
3,7,35,Toby,
3,8,36,Andy,
3,8,36,Angela,
3,8,36,Creed,
3,8,36,Dwight,
3,8,36,Jan,
3,8,36,Jim,
3,8,36,Karen,
3,8,36,Kelly,
3,8,36,Kevin,
3,8,36,Meredith,
3,8,36,Michael,
3,8,36,Pam,
3,8,36,Phyllis,
3,8,36,Ryan,
3,8,36,Stanley,
3,8,36,Toby,
3,9,37,Andy,
3,9,37,Angela,
3,9,37,Creed,
3,9,37,Dwight,
3,9,37,Jan,
3,9,37,Jim,
3,9,37,Karen,
3,9,37,Kevin,
3,9,37,Meredith,
3,9,37,Michael,
3,9,37,Pam,
3,9,37,Phyllis,
3,9,37,Ryan,
3,9,37,Stanley,
3,9,37,Toby,
3,10,38,Andy,
3,10,38,Angela,
3,10,38,Creed,
3,10,38,Darryl,
3,10,38,Dwight,
3,10,38,Jim,
3,10,38,Karen,
3,10,38,Kelly,
3,10,38,Kevin,
3,10,38,Meredith,
3,10,38,Michael,
3,10,38,Oscar,
3,10,38,Pam,
3,10,38,Phyllis,
3,10,38,Roy,
3,10,38,Ryan,
3,10,38,Stanley,
3,10,38,Toby,
3,11,39,Andy,
3,11,39,Angela,
3,11,39,Creed,
3,11,39,Darryl,
3,11,39,Dwight,
3,11,39,Jan,
3,11,39,Jim,
3,11,39,Karen,
3,11,39,Kelly,
3,11,39,Kevin,
3,11,39,Meredith,
3,11,39,Michael,
3,11,39,Pam,
3,11,39,Phyllis,
3,11,39,Roy,
3,11,39,Ryan,
3,11,39,Stanley,
3,11,39,Toby,
3,12,40,Andy,
3,12,40,Angela,
3,12,40,Dwight,
3,12,40,Jan,
3,12,40,Jim,
3,12,40,Karen,
3,12,40,Kelly,
3,12,40,Kevin,
3,12,40,Michael,
3,12,40,Pam,
3,12,40,Phyllis,
3,12,40,Ryan,
3,12,40,Stanley,
3,13,41,Andy,
3,13,41,Angela,
3,13,41,Creed,
3,13,41,Dwight,
3,13,41,Jim,
3,13,41,Karen,
3,13,41,Kevin,
3,13,41,Meredith,
3,13,41,Michael,
3,13,41,Oscar,
3,13,41,Pam,
3,13,41,Phyllis,
3,13,41,Ryan,
3,13,41,Stanley,
3,14,42,Angela,
3,14,42,Dwight,
3,14,42,Jan,
3,14,42,Jim,
3,14,42,Karen,
3,14,42,Kelly,
3,14,42,Kevin,
3,14,42,Meredith,
3,14,42,Michael,
3,14,42,Pam,
3,14,42,Roy,
3,14,42,Ryan,
3,14,42,Stanley,
3,15,43,Angela,
3,15,43,Dwight,
3,15,43,Jim,
3,15,43,Karen,
3,15,43,Kelly,
3,15,43,Kevin,
3,15,43,Meredith,
3,15,43,Michael,
3,15,43,Pam,
3,15,43,Phyllis,
3,15,43,Roy,
3,15,43,Stanley,
3,15,43,Toby,
3,16,44,Angela,
3,16,44,Creed,
3,16,44,Dwight,
3,16,44,Jim,
3,16,44,Karen,
3,16,44,Kelly,
3,16,44,Kevin,
3,16,44,Meredith,
3,16,44,Michael,
3,16,44,Oscar,
3,16,44,Pam,
3,16,44,Roy,
3,16,44,Ryan,
3,16,44,Stanley,
3,16,44,Toby,
3,17,45,Angela,
3,17,45,Creed,
3,17,45,David,
3,17,45,Dwight,
3,17,45,Jan,
3,17,45,Jim,
3,17,45,Karen,
3,17,45,Kelly,
3,17,45,Kevin,
3,17,45,Meredith,
3,17,45,Michael,
3,17,45,Oscar,
3,17,45,Pam,
3,17,45,Roy,
3,17,45,Ryan,
3,17,45,Stanley,
3,17,45,Toby,
3,18,46,Andy,
3,18,46,Angela,
3,18,46,Creed,
3,18,46,Darryl,
3,18,46,Dwight,
3,18,46,Jan,
3,18,46,Jim,
3,18,46,Karen,
3,18,46,Kelly,
3,18,46,Kevin,
3,18,46,Michael,
3,18,46,Oscar,
3,18,46,Pam,
3,18,46,Phyllis,
3,18,46,Roy,
3,18,46,Ryan,
3,18,46,Stanley,
3,18,46,Toby,
3,19,47,Andy,
3,19,47,Angela,
3,19,47,Creed,
3,19,47,Darryl,
3,19,47,Dwight,
3,19,47,Jim,
3,19,47,Karen,
3,19,47,Kelly,
3,19,47,Kevin,
3,19,47,Michael,
3,19,47,Oscar,
3,19,47,Pam,
3,19,47,Phyllis,
3,19,47,Ryan,
3,19,47,Stanley,
3,19,47,Toby,
3,20,48,Andy,
3,20,48,Angela,
3,20,48,Creed,
3,20,48,Dwight,
3,20,48,Jim,
3,20,48,Karen,
3,20,48,Kelly,
3,20,48,Kevin,
3,20,48,Michael,
3,20,48,Oscar,
3,20,48,Pam,
3,20,48,Phyllis,
3,20,48,Ryan,
3,20,48,Stanley,
3,21,49,Andy,
3,21,49,Angela,
3,21,49,Creed,
3,21,49,Dwight,
3,21,49,Jan,
3,21,49,Jim,
3,21,49,Karen,
3,21,49,Kelly,
3,21,49,Kevin,
3,21,49,Meredith,
3,21,49,Michael,
3,21,49,Pam,
3,21,49,Phyllis,
3,21,49,Ryan,
3,21,49,Stanley,
3,21,49,Toby,
3,22,50,Andy,
3,22,50,Angela,
3,22,50,Creed,
3,22,50,David,
3,22,50,Dwight,
3,22,50,Jim,
3,22,50,Karen,
3,22,50,Kelly,
3,22,50,Kevin,
3,22,50,Meredith,
3,22,50,Michael,
3,22,50,Oscar,
3,22,50,Pam,
3,22,50,Phyllis,
3,22,50,Ryan,
3,22,50,Stanley,
3,22,50,Toby,
3,23,51,Andy,
3,23,51,Angela,
3,23,51,Creed,
3,23,51,David,
3,23,51,Dwight,
3,23,51,Jan,
3,23,51,Jim,
3,23,51,Karen,
3,23,51,Kelly,
3,23,51,Kevin,
3,23,51,Meredith,
3,23,51,Michael,
3,23,51,Oscar,
3,23,51,Pam,
3,23,51,Phyllis,
3,23,51,Ryan,
3,23,51,Stanley,
4,1,52,Andy,
4,1,52,Angela,
4,1,52,Creed,
4,1,52,Darryl,
4,1,52,Dwight,
4,1,52,Jan,
4,1,52,Jim,
4,1,52,Kelly,
4,1,52,Kevin,
4,1,52,Meredith,
4,1,52,Michael,
4,1,52,Oscar,
4,1,52,Pam,
4,1,52,Phyllis,
4,1,52,Ryan,
4,1,52,Stanley,
4,1,52,Toby,
4,2,53,Andy,
4,2,53,Angela,
4,2,53,Creed,
4,2,53,Dwight,
4,2,53,Jan,
4,2,53,Jim,
4,2,53,Kelly,
4,2,53,Kevin,
4,2,53,Michael,
4,2,53,Oscar,
4,2,53,Pam,
4,2,53,Phyllis,
4,2,53,Ryan,
4,2,53,Stanley,
4,2,53,Toby,
4,3,54,Andy,
4,3,54,Angela,
4,3,54,Creed,
4,3,54,Darryl,
4,3,54,Dwight,
4,3,54,Jan,
4,3,54,Jim,
4,3,54,Kelly,
4,3,54,Kevin,
4,3,54,Meredith,
4,3,54,Michael,
4,3,54,Oscar,
4,3,54,Pam,
4,3,54,Phyllis,
4,3,54,Ryan,
4,3,54,Stanley,
4,3,54,Toby,
4,4,55,Andy,
4,4,55,Angela,
4,4,55,Creed,
4,4,55,Darryl,
4,4,55,Dwight,
4,4,55,Jan,
4,4,55,Jim,
4,4,55,Kelly,
4,4,55,Kevin,
4,4,55,Meredith,
4,4,55,Michael,
4,4,55,Oscar,
4,4,55,Pam,
4,4,55,Phyllis,
4,4,55,Ryan,
4,4,55,Stanley,
4,4,55,Toby,
4,5,56,Andy,
4,5,56,Angela,
4,5,56,Creed,
4,5,56,Darryl,
4,5,56,David Wallace,
4,5,56,Dwight,
4,5,56,Jim,
4,5,56,Kevin,
4,5,56,Meredith,
4,5,56,Michael,
4,5,56,Oscar,
4,5,56,Pam,
4,5,56,Phyllis,
4,5,56,Ryan,
4,5,56,Stanley,
4,5,56,Toby,
4,6,57,Andy,
4,6,57,Angela,
4,6,57,Dwight,
4,6,57,Jim,
4,6,57,Karen,
4,6,57,Kevin,
4,6,57,Meredith,
4,6,57,Michael,
4,6,57,Oscar,
4,6,57,Pam,
4,6,57,Phyllis,
4,6,57,Stanley,
4,6,57,Toby,
4,7,58,Andy,
4,7,58,Angela,
4,7,58,Creed,
4,7,58,Dwight,
4,7,58,Jim,
4,7,58,Kelly,
4,7,58,Kevin,
4,7,58,Meredith,
4,7,58,Michael,
4,7,58,Oscar,
4,7,58,Pam,
4,7,58,Phyllis,
4,7,58,Stanley,
4,7,58,Toby,
4,8,59,Andy,
4,8,59,Angela,
4,8,59,Creed,
4,8,59,Darryl,
4,8,59,David,
4,8,59,David Wallace,
4,8,59,Dwight,
4,8,59,Jan,
4,8,59,Jim,
4,8,59,Kelly,
4,8,59,Kevin,
4,8,59,Meredith,
4,8,59,Michael,
4,8,59,Oscar,
4,8,59,Pam,
4,8,59,Phyllis,
4,8,59,Ryan,
4,8,59,Stanley,
4,8,59,Toby,
4,9,60,Andy,
4,9,60,Angela,
4,9,60,Dwight,
4,9,60,Jan,
4,9,60,Jim,
4,9,60,Michael,
4,9,60,Pam,
4,9,60,Phyllis,
4,9,60,Stanley,
4,10,61,Andy,
4,10,61,Angela,
4,10,61,Creed,
4,10,61,Dwight,
4,10,61,Jim,
4,10,61,Kelly,
4,10,61,Kevin,
4,10,61,Michael,
4,10,61,Oscar,
4,10,61,Pam,
4,10,61,Phyllis,
4,10,61,Stanley,
4,10,61,Toby,
4,11,62,Andy,
4,11,62,Angela,
4,11,62,Creed,
4,11,62,Dwight,
4,11,62,Jim,
4,11,62,Kelly,
4,11,62,Kevin,
4,11,62,Meredith,
4,11,62,Michael,
4,11,62,Oscar,
4,11,62,Pam,
4,11,62,Phyllis,
4,11,62,Ryan,
4,11,62,Stanley,
4,11,62,Toby,
4,12,63,Andy,
4,12,63,Angela,
4,12,63,Creed,
4,12,63,Darryl,
4,12,63,Dwight,
4,12,63,Jim,
4,12,63,Kelly,
4,12,63,Kevin,
4,12,63,Meredith,
4,12,63,Michael,
4,12,63,Oscar,
4,12,63,Pam,
4,12,63,Phyllis,
4,12,63,Ryan,
4,12,63,Stanley,
4,12,63,Toby,
4,13,64,Andy,
4,13,64,Angela,
4,13,64,Creed,
4,13,64,Darryl,
4,13,64,Dwight,
4,13,64,Jim,
4,13,64,Kelly,
4,13,64,Kevin,
4,13,64,Meredith,
4,13,64,Michael,
4,13,64,Oscar,
4,13,64,Pam,
4,13,64,Phyllis,
4,14,65,Andy,
4,14,65,Angela,
4,14,65,Creed,
4,14,65,Darryl,
4,14,65,Dwight,
4,14,65,Holly,
4,14,65,Jan,
4,14,65,Jim,
4,14,65,Kelly,
4,14,65,Kevin,
4,14,65,Meredith,
4,14,65,Michael,
4,14,65,Oscar,
4,14,65,Pam,
4,14,65,Phyllis,
4,14,65,Ryan,
4,14,65,Stanley,
4,14,65,Toby,
5,1,66,Andy,
5,1,66,Angela,
5,1,66,Creed,
5,1,66,Darryl,
5,1,66,Dwight,
5,1,66,Holly,
5,1,66,Jan,
5,1,66,Jim,
5,1,66,Kelly,
5,1,66,Kevin,
5,1,66,Meredith,
5,1,66,Michael,
5,1,66,Oscar,
5,1,66,Pam,
5,1,66,Phyllis,
5,1,66,Ryan,
5,1,66,Stanley,
5,1,66,Toby,
5,2,67,Andy,
5,2,67,Angela,
5,2,67,Creed,
5,2,67,Dwight,
5,2,67,Holly,
5,2,67,Jim,
5,2,67,Kelly,
5,2,67,Kevin,
5,2,67,Meredith,
5,2,67,Michael,
5,2,67,Oscar,
5,2,67,Pam,
5,2,67,Phyllis,
5,2,67,Ryan,
5,2,67,Stanley,
5,3,68,Andy,
5,3,68,Angela,
5,3,68,Creed,
5,3,68,Darryl,
5,3,68,Dwight,
5,3,68,Holly,
5,3,68,Jan,
5,3,68,Jim,
5,3,68,Kelly,
5,3,68,Kevin,
5,3,68,Meredith,
5,3,68,Michael,
5,3,68,Oscar,
5,3,68,Pam,
5,3,68,Phyllis,
5,3,68,Stanley,
5,3,68,Toby,
5,4,69,Andy,
5,4,69,Angela,
5,4,69,Creed,
5,4,69,Darryl,
5,4,69,David Wallace,
5,4,69,Dwight,
5,4,69,Holly,
5,4,69,Jim,
5,4,69,Kevin,
5,4,69,Michael,
5,4,69,Oscar,
5,4,69,Pam,
5,4,69,Phyllis,
5,4,69,Roy,
5,4,69,Stanley,
5,5,70,Andy,
5,5,70,Angela,
5,5,70,Creed,
5,5,70,Darryl,
5,5,70,Dwight,
5,5,70,Holly,
5,5,70,Jim,
5,5,70,Kelly,
5,5,70,Kevin,
5,5,70,Meredith,
5,5,70,Michael,
5,5,70,Oscar,
5,5,70,Pam,
5,5,70,Pete,
5,5,70,Phyllis,
5,5,70,Ryan,
5,5,70,Stanley,
5,6,71,Andy,
5,6,71,Angela,
5,6,71,Darryl,
5,6,71,Dwight,
5,6,71,Jim,
5,6,71,Kelly,
5,6,71,Kevin,
5,6,71,Meredith,
5,6,71,Michael,
5,6,71,Pam,
5,6,71,Phyllis,
5,6,71,Ryan,
5,6,71,Stanley,
5,7,72,Andy,
5,7,72,Angela,
5,7,72,Creed,
5,7,72,David Wallace,
5,7,72,Dwight,
5,7,72,Jim,
5,7,72,Kelly,
5,7,72,Kevin,
5,7,72,Meredith,
5,7,72,Michael,
5,7,72,Oscar,
5,7,72,Pam,
5,7,72,Phyllis,
5,7,72,Ryan,
5,7,72,Stanley,
5,8,73,Andy,
5,8,73,Angela,
5,8,73,Creed,
5,8,73,David,
5,8,73,Dwight,
5,8,73,Jim,
5,8,73,Kelly,
5,8,73,Kevin,
5,8,73,Meredith,
5,8,73,Michael,
5,8,73,Oscar,
5,8,73,Pam,
5,8,73,Phyllis,
5,8,73,Ryan,
5,8,73,Toby,
5,9,74,Andy,
5,9,74,Angela,
5,9,74,Creed,
5,9,74,David,
5,9,74,Dwight,
5,9,74,Jim,
5,9,74,Kelly,
5,9,74,Kevin,
5,9,74,Meredith,
5,9,74,Michael,
5,9,74,Oscar,
5,9,74,Pam,
5,9,74,Phyllis,
5,9,74,Stanley,
5,9,74,Toby,
5,10,75,Andy,
5,10,75,Angela,
5,10,75,Creed,
5,10,75,Darryl,
5,10,75,Dwight,
5,10,75,Jim,
5,10,75,Kelly,
5,10,75,Kevin,
5,10,75,Meredith,
5,10,75,Michael,
5,10,75,Oscar,
5,10,75,Pam,
5,10,75,Phyllis,
5,10,75,Stanley,
5,10,75,Toby,
5,11,76,Andy,
5,11,76,Angela,
5,11,76,Creed,
5,11,76,David,
5,11,76,Dwight,
5,11,76,Jim,
5,11,76,Kelly,
5,11,76,Kevin,
5,11,76,Meredith,
5,11,76,Michael,
5,11,76,Oscar,
5,11,76,Pam,
5,11,76,Phyllis,
5,11,76,Stanley,
5,12,77,Andy,
5,12,77,Angela,
5,12,77,Creed,
5,12,77,David,
5,12,77,Dwight,
5,12,77,Jim,
5,12,77,Kelly,
5,12,77,Kevin,
5,12,77,Meredith,
5,12,77,Michael,
5,12,77,Oscar,
5,12,77,Pam,
5,12,77,Phyllis,
5,12,77,Stanley,
5,13,78,Andy,
5,13,78,Angela,
5,13,78,Creed,
5,13,78,Darryl,
5,13,78,David,
5,13,78,David Wallace,
5,13,78,Dwight,
5,13,78,Jim,
5,13,78,Kelly,
5,13,78,Kevin,
5,13,78,Meredith,
5,13,78,Michael,
5,13,78,Oscar,
5,13,78,Pam,
5,13,78,Phyllis,
5,13,78,Stanley,
5,14,79,Andy,
5,14,79,Creed,
5,14,79,Dwight,
5,14,79,Jim,
5,14,79,Karen,
5,14,79,Kelly,
5,14,79,Michael,
5,14,79,Oscar,
5,14,79,Pam,
5,14,79,Phyllis,
5,14,79,Stanley,
5,15,80,Angela,
5,15,80,Creed,
5,15,80,Dwight,
5,15,80,Jim,
5,15,80,Karen,
5,15,80,Kelly,
5,15,80,Kevin,
5,15,80,Meredith,
5,15,80,Michael,
5,15,80,Oscar,
5,15,80,Pam,
5,15,80,Phyllis,
5,15,80,Stanley,
5,16,81,Angela,
5,16,81,Dwight,
5,16,81,Jim,
5,16,81,Kelly,
5,16,81,Kevin,
5,16,81,Meredith,
5,16,81,Michael,
5,16,81,Oscar,
5,16,81,Pam,
5,16,81,Phyllis,
5,16,81,Stanley,
5,17,82,Andy,
5,17,82,Creed,
5,17,82,Darryl,
5,17,82,David,
5,17,82,Dwight,
5,17,82,Jim,
5,17,82,Kevin,
5,17,82,Michael,
5,17,82,Oscar,
5,17,82,Pam,
5,17,82,Stanley,
5,18,83,Andy,
5,18,83,Angela,
5,18,83,Charles,
5,18,83,Creed,
5,18,83,David,
5,18,83,Dwight,
5,18,83,Jim,
5,18,83,Kelly,
5,18,83,Kevin,
5,18,83,Meredith,
5,18,83,Michael,
5,18,83,Oscar,
5,18,83,Pam,
5,18,83,Phyllis,
5,18,83,Stanley,
5,19,84,Andy,
5,19,84,Angela,
5,19,84,Charles,
5,19,84,Creed,
5,19,84,Dwight,
5,19,84,Jim,
5,19,84,Kelly,
5,19,84,Kevin,
5,19,84,Meredith,
5,19,84,Michael,
5,19,84,Oscar,
5,19,84,Pam,
5,19,84,Phyllis,
5,19,84,Stanley,
5,19,84,Toby,
5,20,85,Andy,
5,20,85,Angela,
5,20,85,Charles,
5,20,85,Creed,
5,20,85,Dwight,
5,20,85,Jim,
5,20,85,Kelly,
5,20,85,Kevin,
5,20,85,Michael,
5,20,85,Oscar,
5,20,85,Pam,
5,20,85,Phyllis,
5,20,85,Ryan,
5,20,85,Stanley,
5,21,86,Andy,
5,21,86,Charles,
5,21,86,Creed,
5,21,86,Dwight,
5,21,86,Erin,
5,21,86,Jim,
5,21,86,Kelly,
5,21,86,Kevin,
5,21,86,Meredith,
5,21,86,Michael,
5,21,86,Oscar,
5,21,86,Pam,
5,21,86,Phyllis,
5,21,86,Ryan,
5,21,86,Stanley,
5,21,86,Toby,
5,22,87,Andy,
5,22,87,Charles,
5,22,87,Dwight,
5,22,87,Jim,
5,22,87,Kelly,
5,22,87,Kevin,
5,22,87,Michael,
5,22,87,Pam,
5,22,87,Phyllis,
5,22,87,Ryan,
5,22,87,Stanley,
5,23,88,Andy,
5,23,88,Angela,
5,23,88,Charles,
5,23,88,David,
5,23,88,David Wallace,
5,23,88,Dwight,
5,23,88,Erin,
5,23,88,Jim,
5,23,88,Kelly,
5,23,88,Kevin,
5,23,88,Michael,
5,23,88,Pam,
5,23,88,Phyllis,
5,23,88,Ryan,
5,23,88,Stanley,
5,24,89,Andy,
5,24,89,Angela,
5,24,89,Creed,
5,24,89,Darryl,
5,24,89,Dwight,
5,24,89,Erin,
5,24,89,Jim,
5,24,89,Kelly,
5,24,89,Kevin,
5,24,89,Meredith,
5,24,89,Michael,
5,24,89,Oscar,
5,24,89,Pam,
5,24,89,Phyllis,
5,24,89,Ryan,
5,24,89,Stanley,
5,24,89,Toby,
5,25,90,Andy,
5,25,90,Angela,
5,25,90,Creed,
5,25,90,Dwight,
5,25,90,Erin,
5,25,90,Jim,
5,25,90,Kelly,
5,25,90,Kevin,
5,25,90,Meredith,
5,25,90,Michael,
5,25,90,Oscar,
5,25,90,Pam,
5,25,90,Phyllis,
5,25,90,Ryan,
5,25,90,Stanley,
5,26,91,Andy,
5,26,91,Angela,
5,26,91,Charles,
5,26,91,David,
5,26,91,Dwight,
5,26,91,Erin,
5,26,91,Holly,
5,26,91,Jim,
5,26,91,Kevin,
5,26,91,Meredith,
5,26,91,Michael,
5,26,91,Oscar,
5,26,91,Pam,
5,26,91,Phyllis,
5,26,91,Stanley,
5,26,91,Toby,
6,1,92,Andy,
6,1,92,Angela,
6,1,92,Creed,
6,1,92,Dwight,
6,1,92,Erin,
6,1,92,Jim,
6,1,92,Kelly,
6,1,92,Kevin,
6,1,92,Meredith,
6,1,92,Michael,
6,1,92,Oscar,
6,1,92,Pam,
6,1,92,Phyllis,
6,1,92,Ryan,
6,1,92,Stanley,
6,1,92,Toby,
6,2,93,Andy,
6,2,93,Angela,
6,2,93,Creed,
6,2,93,Darryl,
6,2,93,David,
6,2,93,David Wallace,
6,2,93,Dwight,
6,2,93,Erin,
6,2,93,Jim,
6,2,93,Kelly,
6,2,93,Kevin,
6,2,93,Meredith,
6,2,93,Michael,
6,2,93,Oscar,
6,2,93,Pam,
6,2,93,Phyllis,
6,2,93,Ryan,
6,2,93,Stanley,
6,2,93,Toby,
6,3,94,Andy,
6,3,94,Angela,
6,3,94,Creed,
6,3,94,David Wallace,
6,3,94,Dwight,
6,3,94,Erin,
6,3,94,Jim,
6,3,94,Kelly,
6,3,94,Kevin,
6,3,94,Meredith,
6,3,94,Michael,
6,3,94,Oscar,
6,3,94,Pam,
6,3,94,Phyllis,
6,3,94,Ryan,
6,3,94,Stanley,
6,4,95,Andy,
6,4,95,Angela,
6,4,95,Dwight,
6,4,95,Erin,
6,4,95,Jim,
6,4,95,Kelly,
6,4,95,Kevin,
6,4,95,Meredith,
6,4,95,Michael,
6,4,95,Oscar,
6,4,95,Pam,
6,4,95,Pete,
6,4,95,Phyllis,
6,4,95,Ryan,
6,4,95,Stanley,
6,4,95,Toby,
6,5,96,Andy,
6,5,96,Creed,
6,5,96,Dwight,
6,5,96,Erin,
6,5,96,Jim,
6,5,96,Kevin,
6,5,96,Meredith,
6,5,96,Michael,
6,5,96,Oscar,
6,5,96,Pam,
6,5,96,Phyllis,
6,5,96,Ryan,
6,5,96,Toby,
6,6,97,Andy,
6,6,97,Angela,
6,6,97,Creed,
6,6,97,Dwight,
6,6,97,Erin,
6,6,97,Jim,
6,6,97,Kelly,
6,6,97,Kevin,
6,6,97,Meredith,
6,6,97,Michael,
6,6,97,Oscar,
6,6,97,Pam,
6,6,97,Phyllis,
6,6,97,Ryan,
6,6,97,Stanley,
6,6,97,Toby,
6,7,98,Andy,
6,7,98,Angela,
6,7,98,Creed,
6,7,98,Darryl,
6,7,98,Dwight,
6,7,98,Erin,
6,7,98,Jim,
6,7,98,Kelly,
6,7,98,Kevin,
6,7,98,Meredith,
6,7,98,Michael,
6,7,98,Oscar,
6,7,98,Pam,
6,7,98,Phyllis,
6,7,98,Ryan,
6,7,98,Stanley,
6,8,99,Andy,
6,8,99,Angela,
6,8,99,Creed,
6,8,99,Dwight,
6,8,99,Erin,
6,8,99,Jim,
6,8,99,Kelly,
6,8,99,Kevin,
6,8,99,Meredith,
6,8,99,Michael,
6,8,99,Oscar,
6,8,99,Pam,
6,8,99,Phyllis,
6,8,99,Ryan,
6,8,99,Stanley,
6,8,99,Toby,
6,9,100,Andy,
6,9,100,Angela,
6,9,100,Creed,
6,9,100,David,
6,9,100,Dwight,
6,9,100,Erin,
6,9,100,Jim,
6,9,100,Kelly,
6,9,100,Kevin,
6,9,100,Meredith,
6,9,100,Michael,
6,9,100,Oscar,
6,9,100,Pam,
6,9,100,Phyllis,
6,9,100,Ryan,
6,9,100,Stanley,
6,10,101,Andy,
6,10,101,Creed,
6,10,101,David,
6,10,101,Dwight,
6,10,101,Erin,
6,10,101,Jim,
6,10,101,Kevin,
6,10,101,Meredith,
6,10,101,Michael,
6,10,101,Oscar,
6,10,101,Pam,
6,10,101,Phyllis,
6,10,101,Ryan,
6,10,101,Stanley,
6,11,102,Andy,
6,11,102,Angela,
6,11,102,Creed,
6,11,102,David,
6,11,102,David Wallace,
6,11,102,Dwight,
6,11,102,Erin,
6,11,102,Jim,
6,11,102,Kelly,
6,11,102,Kevin,
6,11,102,Michael,
6,11,102,Oscar,
6,11,102,Pam,
6,11,102,Phyllis,
6,11,102,Ryan,
6,11,102,Stanley,
6,12,103,Andy,
6,12,103,Angela,
6,12,103,Creed,
6,12,103,David,
6,12,103,Dwight,
6,12,103,Erin,
6,12,103,Jim,
6,12,103,Kelly,
6,12,103,Kevin,
6,12,103,Meredith,
6,12,103,Michael,
6,12,103,Oscar,
6,12,103,Pam,
6,12,103,Phyllis,
6,12,103,Ryan,
6,12,103,Stanley,
6,12,103,Toby,
6,13,104,Andy,
6,13,104,Angela,
6,13,104,Dwight,
6,13,104,Kevin,
6,13,104,Michael,
6,13,104,Pam,
6,13,104,Ryan,
6,13,104,Toby,
6,14,105,Andy,
6,14,105,Angela,
6,14,105,Creed,
6,14,105,David,
6,14,105,Dwight,
6,14,105,Erin,
6,14,105,Gabe,
6,14,105,Jim,
6,14,105,Jo,
6,14,105,Kevin,
6,14,105,Meredith,
6,14,105,Michael,
6,14,105,Oscar,
6,14,105,Pam,
6,14,105,Phyllis,
6,14,105,Stanley,
6,14,105,Toby,
6,15,106,Andy,
6,15,106,Angela,
6,15,106,Dwight,
6,15,106,Erin,
6,15,106,Gabe,
6,15,106,Jim,
6,15,106,Jo,
6,15,106,Kelly,
6,15,106,Kevin,
6,15,106,Meredith,
6,15,106,Michael,
6,15,106,Oscar,
6,15,106,Pam,
6,15,106,Phyllis,
6,15,106,Ryan,
6,16,107,Andy,
6,16,107,Angela,
6,16,107,Clark,
6,16,107,Creed,
6,16,107,Dwight,
6,16,107,Erin,
6,16,107,Jim,
6,16,107,Kelly,
6,16,107,Kevin,
6,16,107,Meredith,
6,16,107,Michael,
6,16,107,Oscar,
6,16,107,Pam,
6,16,107,Phyllis,
6,16,107,Ryan,
6,16,107,Stanley,
6,16,107,Toby,
6,17,108,Andy,
6,17,108,Angela,
6,17,108,Dwight,
6,17,108,Erin,
6,17,108,Gabe,
6,17,108,Jim,
6,17,108,Jo,
6,17,108,Kelly,
6,17,108,Kevin,
6,17,108,Meredith,
6,17,108,Michael,
6,17,108,Oscar,
6,17,108,Pam,
6,17,108,Phyllis,
6,17,108,Ryan,
6,17,108,Stanley,
6,17,108,Todd Packer,
6,18,109,Andy,
6,18,109,Angela,
6,18,109,Darryl,
6,18,109,Dwight,
6,18,109,Erin,
6,18,109,Gabe,
6,18,109,Jim,
6,18,109,Kelly,
6,18,109,Kevin,
6,18,109,Meredith,
6,18,109,Michael,
6,18,109,Oscar,
6,18,109,Pam,
6,18,109,Phyllis,
6,18,109,Ryan,
6,18,109,Stanley,
6,18,109,Toby,
6,19,110,Andy,
6,19,110,Angela,
6,19,110,Creed,
6,19,110,Darryl,
6,19,110,Dwight,
6,19,110,Erin,
6,19,110,Jim,
6,19,110,Kelly,
6,19,110,Kevin,
6,19,110,Meredith,
6,19,110,Michael,
6,19,110,Oscar,
6,19,110,Pam,
6,19,110,Phyllis,
6,19,110,Ryan,
6,19,110,Stanley,
6,20,111,Andy,
6,20,111,Angela,
6,20,111,Darryl,
6,20,111,Dwight,
6,20,111,Erin,
6,20,111,Gabe,
6,20,111,Jim,
6,20,111,Kelly,
6,20,111,Kevin,
6,20,111,Meredith,
6,20,111,Michael,
6,20,111,Oscar,
6,20,111,Pam,
6,20,111,Phyllis,
6,20,111,Ryan,
6,20,111,Toby,
6,21,112,Andy,
6,21,112,Angela,
6,21,112,Creed,
6,21,112,Darryl,
6,21,112,Dwight,
6,21,112,Erin,
6,21,112,Gabe,
6,21,112,Jim,
6,21,112,Kelly,
6,21,112,Kevin,
6,21,112,Michael,
6,21,112,Oscar,
6,21,112,Pam,
6,21,112,Phyllis,
6,21,112,Ryan,
6,21,112,Stanley,
6,22,113,Andy,
6,22,113,Creed,
6,22,113,Darryl,
6,22,113,Dwight,
6,22,113,Erin,
6,22,113,Gabe,
6,22,113,Jim,
6,22,113,Kelly,
6,22,113,Meredith,
6,22,113,Michael,
6,22,113,Oscar,
6,22,113,Pam,
6,22,113,Ryan,
6,22,113,Stanley,
6,23,114,Andy,
6,23,114,Angela,
6,23,114,Creed,
6,23,114,Darryl,
6,23,114,Dwight,
6,23,114,Erin,
6,23,114,Gabe,
6,23,114,Jim,
6,23,114,Kelly,
6,23,114,Kevin,
6,23,114,Meredith,
6,23,114,Michael,
6,23,114,Oscar,
6,23,114,Pam,
6,23,114,Phyllis,
6,23,114,Ryan,
6,23,114,Stanley,
6,23,114,Toby,
6,24,115,Andy,
6,24,115,Angela,
6,24,115,Creed,
6,24,115,Darryl,
6,24,115,David Wallace,
6,24,115,Dwight,
6,24,115,Erin,
6,24,115,Gabe,
6,24,115,Jim,
6,24,115,Jo,
6,24,115,Kelly,
6,24,115,Kevin,
6,24,115,Michael,
6,24,115,Oscar,
6,24,115,Pam,
6,24,115,Phyllis,
6,24,115,Ryan,
6,24,115,Stanley,
6,24,115,Toby,
6,24,115,Todd Packer,
7,1,116,Andy,
7,1,116,Angela,
7,1,116,Creed,
7,1,116,Darryl,
7,1,116,Dwight,
7,1,116,Erin,
7,1,116,Gabe,
7,1,116,Jim,
7,1,116,Jo,
7,1,116,Kelly,
7,1,116,Kevin,
7,1,116,Meredith,
7,1,116,Michael,
7,1,116,Oscar,
7,1,116,Pam,
7,1,116,Phyllis,
7,1,116,Ryan,
7,1,116,Stanley,
7,1,116,Toby,
7,2,117,Andy,
7,2,117,Angela,
7,2,117,Creed,
7,2,117,Darryl,
7,2,117,Dwight,
7,2,117,Erin,
7,2,117,Gabe,
7,2,117,Jim,
7,2,117,Kelly,
7,2,117,Michael,
7,2,117,Oscar,
7,2,117,Pam,
7,2,117,Phyllis,
7,2,117,Ryan,
7,2,117,Stanley,
7,2,117,Toby,
7,3,118,Andy,
7,3,118,Angela,
7,3,118,Creed,
7,3,118,Darryl,
7,3,118,Dwight,
7,3,118,Erin,
7,3,118,Jim,
7,3,118,Kelly,
7,3,118,Meredith,
7,3,118,Michael,
7,3,118,Oscar,
7,3,118,Pam,
7,3,118,Phyllis,
7,3,118,Stanley,
7,4,119,Andy,
7,4,119,Angela,
7,4,119,Creed,
7,4,119,Darryl,
7,4,119,Dwight,
7,4,119,Erin,
7,4,119,Gabe,
7,4,119,Holly,
7,4,119,Jan,
7,4,119,Jim,
7,4,119,Kelly,
7,4,119,Kevin,
7,4,119,Meredith,
7,4,119,Michael,
7,4,119,Oscar,
7,4,119,Pam,
7,4,119,Phyllis,
7,4,119,Ryan,
7,4,119,Stanley,
7,5,120,Andy,
7,5,120,Angela,
7,5,120,Creed,
7,5,120,Darryl,
7,5,120,Dwight,
7,5,120,Erin,
7,5,120,Jim,
7,5,120,Kelly,
7,5,120,Kevin,
7,5,120,Meredith,
7,5,120,Michael,
7,5,120,Oscar,
7,5,120,Pam,
7,5,120,Phyllis,
7,5,120,Ryan,
7,5,120,Stanley,
7,6,121,Andy,
7,6,121,Angela,
7,6,121,Creed,
7,6,121,Darryl,
7,6,121,Dwight,
7,6,121,Erin,
7,6,121,Gabe,
7,6,121,Jim,
7,6,121,Kelly,
7,6,121,Kevin,
7,6,121,Meredith,
7,6,121,Michael,
7,6,121,Oscar,
7,6,121,Pam,
7,6,121,Phyllis,
7,6,121,Ryan,
7,6,121,Stanley,
7,6,121,Toby,
7,6,121,Todd Packer,
7,7,122,Andy,
7,7,122,Angela,
7,7,122,Darryl,
7,7,122,Dwight,
7,7,122,Erin,
7,7,122,Gabe,
7,7,122,Jim,
7,7,122,Kelly,
7,7,122,Kevin,
7,7,122,Michael,
7,7,122,Oscar,
7,7,122,Pam,
7,7,122,Phyllis,
7,7,122,Ryan,
7,7,122,Stanley,
7,7,122,Toby,
7,8,123,Andy,
7,8,123,Angela,
7,8,123,Creed,
7,8,123,Dwight,
7,8,123,Erin,
7,8,123,Gabe,
7,8,123,Jim,
7,8,123,Kelly,
7,8,123,Kevin,
7,8,123,Michael,
7,8,123,Oscar,
7,8,123,Pam,
7,8,123,Phyllis,
7,8,123,Ryan,
7,8,123,Stanley,
7,9,124,Andy,
7,9,124,Angela,
7,9,124,Creed,
7,9,124,Dwight,
7,9,124,Erin,
7,9,124,Gabe,
7,9,124,Jim,
7,9,124,Jo,
7,9,124,Kelly,
7,9,124,Kevin,
7,9,124,Michael,
7,9,124,Oscar,
7,9,124,Pam,
7,9,124,Phyllis,
7,9,124,Ryan,
7,9,124,Stanley,
7,10,125,Andy,
7,10,125,Angela,
7,10,125,Creed,
7,10,125,Darryl,
7,10,125,Dwight,
7,10,125,Erin,
7,10,125,Gabe,
7,10,125,Jim,
7,10,125,Kelly,
7,10,125,Kevin,
7,10,125,Meredith,
7,10,125,Michael,
7,10,125,Oscar,
7,10,125,Pam,
7,10,125,Phyllis,
7,10,125,Ryan,
7,10,125,Stanley,
7,11,126,Andy,
7,11,126,Angela,
7,11,126,Creed,
7,11,126,Darryl,
7,11,126,Dwight,
7,11,126,Erin,
7,11,126,Gabe,
7,11,126,Holly,
7,11,126,Jim,
7,11,126,Kelly,
7,11,126,Kevin,
7,11,126,Meredith,
7,11,126,Michael,
7,11,126,Oscar,
7,11,126,Pam,
7,11,126,Phyllis,
7,11,126,Robert,
7,11,126,Ryan,
7,11,126,Stanley,
7,11,126,Toby,
7,12,127,Andy,
7,12,127,Angela,
7,12,127,Creed,
7,12,127,Darryl,
7,12,127,Dwight,
7,12,127,Erin,
7,12,127,Gabe,
7,12,127,Holly,
7,12,127,Jim,
7,12,127,Kelly,
7,12,127,Kevin,
7,12,127,Meredith,
7,12,127,Michael,
7,12,127,Oscar,
7,12,127,Pam,
7,12,127,Phyllis,
7,12,127,Ryan,
7,13,128,Andy,
7,13,128,Creed,
7,13,128,Darryl,
7,13,128,David,
7,13,128,Dwight,
7,13,128,Erin,
7,13,128,Gabe,
7,13,128,Holly,
7,13,128,Jim,
7,13,128,Kelly,
7,13,128,Kevin,
7,13,128,Michael,
7,13,128,Oscar,
7,13,128,Pam,
7,13,128,Phyllis,
7,13,128,Ryan,
7,13,128,Stanley,
7,14,129,Andy,
7,14,129,Angela,
7,14,129,Darryl,
7,14,129,Dwight,
7,14,129,Erin,
7,14,129,Gabe,
7,14,129,Holly,
7,14,129,Jim,
7,14,129,Kelly,
7,14,129,Kevin,
7,14,129,Meredith,
7,14,129,Michael,
7,14,129,Oscar,
7,14,129,Pam,
7,14,129,Phyllis,
7,14,129,Ryan,
7,14,129,Stanley,
7,15,130,Andy,
7,15,130,Angela,
7,15,130,Creed,
7,15,130,Darryl,
7,15,130,Dwight,
7,15,130,Erin,
7,15,130,Gabe,
7,15,130,Holly,
7,15,130,Jim,
7,15,130,Kelly,
7,15,130,Kevin,
7,15,130,Meredith,
7,15,130,Michael,
7,15,130,Oscar,
7,15,130,Pam,
7,15,130,Phyllis,
7,15,130,Ryan,
7,15,130,Stanley,
7,16,131,Andy,
7,16,131,Creed,
7,16,131,Dwight,
7,16,131,Erin,
7,16,131,Holly,
7,16,131,Jan,
7,16,131,Jim,
7,16,131,Karen,
7,16,131,Kelly,
7,16,131,Kevin,
7,16,131,Michael,
7,16,131,Pam,
7,16,131,Ryan,
7,17,132,Andy,
7,17,132,Angela,
7,17,132,Dwight,
7,17,132,Erin,
7,17,132,Gabe,
7,17,132,Holly,
7,17,132,Jim,
7,17,132,Kelly,
7,17,132,Kevin,
7,17,132,Meredith,
7,17,132,Michael,
7,17,132,Oscar,
7,17,132,Pam,
7,17,132,Phyllis,
7,17,132,Ryan,
7,17,132,Stanley,
7,18,133,Andy,
7,18,133,Angela,
7,18,133,Darryl,
7,18,133,Dwight,
7,18,133,Gabe,
7,18,133,Holly,
7,18,133,Jim,
7,18,133,Kelly,
7,18,133,Kevin,
7,18,133,Meredith,
7,18,133,Michael,
7,18,133,Oscar,
7,18,133,Pam,
7,18,133,Phyllis,
7,18,133,Ryan,
7,18,133,Stanley,
7,19,134,Andy,
7,19,134,Angela,
7,19,134,Darryl,
7,19,134,Deangelo,
7,19,134,Dwight,
7,19,134,Erin,
7,19,134,Gabe,
7,19,134,Jim,
7,19,134,Kelly,
7,19,134,Kevin,
7,19,134,Meredith,
7,19,134,Michael,
7,19,134,Oscar,
7,19,134,Pam,
7,19,134,Phyllis,
7,19,134,Ryan,
7,19,134,Stanley,
7,20,135,Andy,
7,20,135,Angela,
7,20,135,Creed,
7,20,135,Darryl,
7,20,135,DeAngelo,
7,20,135,Dwight,
7,20,135,Erin,
7,20,135,Gabe,
7,20,135,Jim,
7,20,135,Jo,
7,20,135,Kevin,
7,20,135,Meredith,
7,20,135,Michael,
7,20,135,Oscar,
7,20,135,Pam,
7,20,135,Phyllis,
7,20,135,Ryan,
7,20,135,Stanley,
7,20,135,Toby,
7,21,136,Andy,
7,21,136,Angela,
7,21,136,Creed,
7,21,136,Darryl,
7,21,136,DeAngelo,
7,21,136,Dwight,
7,21,136,Erin,
7,21,136,Gabe,
7,21,136,Holly,
7,21,136,Jim,
7,21,136,Kelly,
7,21,136,Kevin,
7,21,136,Meredith,
7,21,136,Michael,
7,21,136,Oscar,
7,21,136,Pam,
7,21,136,Phyllis,
7,21,136,Ryan,
7,21,136,Stanley,
7,21,136,Toby,
7,22,137,Andy,
7,22,137,Angela,
7,22,137,Darryl,
7,22,137,Deangelo,
7,22,137,Dwight,
7,22,137,Erin,
7,22,137,Gabe,
7,22,137,Jim,
7,22,137,Kelly,
7,22,137,Kevin,
7,22,137,Oscar,
7,22,137,Pam,
7,22,137,Phyllis,
7,22,137,Ryan,
7,22,137,Toby,
7,23,138,Andy,
7,23,138,Angela,
7,23,138,Creed,
7,23,138,Darryl,
7,23,138,Dwight,
7,23,138,Erin,
7,23,138,Gabe,
7,23,138,Jim,
7,23,138,Jo,
7,23,138,Kelly,
7,23,138,Kevin,
7,23,138,Meredith,
7,23,138,Oscar,
7,23,138,Pam,
7,23,138,Phyllis,
7,23,138,Ryan,
7,23,138,Stanley,
7,23,138,Toby,
7,24,139,Andy,
7,24,139,Angela,
7,24,139,Creed,
7,24,139,Darryl,
7,24,139,Dwight,
7,24,139,Erin,
7,24,139,Gabe,
7,24,139,Jim,
7,24,139,Jo,
7,24,139,Kelly,
7,24,139,Kevin,
7,24,139,Meredith,
7,24,139,Nellie,
7,24,139,Oscar,
7,24,139,Pam,
7,24,139,Phyllis,
7,24,139,Robert,
7,24,139,Ryan,
7,24,139,Stanley,
7,24,139,Toby,
8,1,140,Andy,
8,1,140,Angela,
8,1,140,Creed,
8,1,140,Darryl,
8,1,140,Dwight,
8,1,140,Erin,
8,1,140,Gabe,
8,1,140,Jim,
8,1,140,Kelly,
8,1,140,Kevin,
8,1,140,Meredith,
8,1,140,Oscar,
8,1,140,Pam,
8,1,140,Phyllis,
8,1,140,Robert,
8,1,140,Ryan,
8,1,140,Stanley,
8,1,140,Toby,
8,2,141,Andy,
8,2,141,Angela,
8,2,141,Darryl,
8,2,141,Dwight,
8,2,141,Erin,
8,2,141,Jim,
8,2,141,Kelly,
8,2,141,Kevin,
8,2,141,Meredith,
8,2,141,Oscar,
8,2,141,Pam,
8,2,141,Phyllis,
8,2,141,Robert,
8,2,141,Ryan,
8,2,141,Stanley,
8,2,141,Toby,
8,3,142,Andy,
8,3,142,Angela,
8,3,142,Creed,
8,3,142,Darryl,
8,3,142,Dwight,
8,3,142,Erin,
8,3,142,Jim,
8,3,142,Kelly,
8,3,142,Kevin,
8,3,142,Meredith,
8,3,142,Oscar,
8,3,142,Pam,
8,3,142,Phyllis,
8,3,142,Ryan,
8,3,142,Toby,
8,4,143,Andy,
8,4,143,Angela,
8,4,143,Darryl,
8,4,143,Dwight,
8,4,143,Erin,
8,4,143,Gabe,
8,4,143,Jim,
8,4,143,Kelly,
8,4,143,Kevin,
8,4,143,Meredith,
8,4,143,Oscar,
8,4,143,Pam,
8,4,143,Phyllis,
8,4,143,Robert,
8,4,143,Ryan,
8,4,143,Stanley,
8,4,143,Toby,
8,5,144,Andy,
8,5,144,Angela,
8,5,144,Creed,
8,5,144,Darryl,
8,5,144,Dwight,
8,5,144,Erin,
8,5,144,Gabe,
8,5,144,Jim,
8,5,144,Kelly,
8,5,144,Kevin,
8,5,144,Meredith,
8,5,144,Oscar,
8,5,144,Pam,
8,5,144,Phyllis,
8,5,144,Robert,
8,5,144,Ryan,
8,5,144,Stanley,
8,5,144,Toby,
8,6,145,Andy,
8,6,145,Angela,
8,6,145,Darryl,
8,6,145,Dwight,
8,6,145,Erin,
8,6,145,Gabe,
8,6,145,Jim,
8,6,145,Kelly,
8,6,145,Kevin,
8,6,145,Oscar,
8,6,145,Pam,
8,6,145,Phyllis,
8,6,145,Robert,
8,6,145,Ryan,
8,6,145,Stanley,
8,6,145,Toby,
8,7,146,Andy,
8,7,146,Creed,
8,7,146,Darryl,
8,7,146,Dwight,
8,7,146,Erin,
8,7,146,Gabe,
8,7,146,Jim,
8,7,146,Kelly,
8,7,146,Kevin,
8,7,146,Oscar,
8,7,146,Pam,
8,7,146,Phyllis,
8,7,146,Robert,
8,7,146,Ryan,
8,7,146,Toby,
8,8,147,Andy,
8,8,147,Angela,
8,8,147,Darryl,
8,8,147,Dwight,
8,8,147,Erin,
8,8,147,Gabe,
8,8,147,Jim,
8,8,147,Kelly,
8,8,147,Kevin,
8,8,147,Meredith,
8,8,147,Oscar,
8,8,147,Pam,
8,8,147,Phyllis,
8,8,147,Robert,
8,8,147,Ryan,
8,8,147,Stanley,
8,9,148,Andy,
8,9,148,Angela,
8,9,148,Creed,
8,9,148,Darryl,
8,9,148,Dwight,
8,9,148,Erin,
8,9,148,Gabe,
8,9,148,Jim,
8,9,148,Kelly,
8,9,148,Kevin,
8,9,148,Meredith,
8,9,148,Oscar,
8,9,148,Phyllis,
8,9,148,Robert,
8,9,148,Ryan,
8,9,148,Stanley,
8,9,148,Toby,
8,10,149,Andy,
8,10,149,Angela,
8,10,149,Creed,
8,10,149,Darryl,
8,10,149,Dwight,
8,10,149,Erin,
8,10,149,Jim,
8,10,149,Kelly,
8,10,149,Kevin,
8,10,149,Meredith,
8,10,149,Oscar,
8,10,149,Phyllis,
8,10,149,Robert,
8,10,149,Ryan,
8,10,149,Stanley,
8,10,149,Toby,
8,11,150,Andy,
8,11,150,Angela,
8,11,150,Creed,
8,11,150,Darryl,
8,11,150,Dwight,
8,11,150,Erin,
8,11,150,Gabe,
8,11,150,Jim,
8,11,150,Kelly,
8,11,150,Kevin,
8,11,150,Meredith,
8,11,150,Oscar,
8,11,150,Phyllis,
8,11,150,Robert,
8,11,150,Ryan,
8,11,150,Stanley,
8,12,151,Andy,
8,12,151,Angela,
8,12,151,Darryl,
8,12,151,Dwight,
8,12,151,Erin,
8,12,151,Gabe,
8,12,151,Jim,
8,12,151,Kelly,
8,12,151,Kevin,
8,12,151,Meredith,
8,12,151,Oscar,
8,12,151,Phyllis,
8,12,151,Robert,
8,12,151,Ryan,
8,12,151,Stanley,
8,12,151,Toby,
8,13,152,Andy,
8,13,152,Angela,
8,13,152,Creed,
8,13,152,Darryl,
8,13,152,Dwight,
8,13,152,Erin,
8,13,152,Gabe,
8,13,152,Jim,
8,13,152,Kelly,
8,13,152,Kevin,
8,13,152,Meredith,
8,13,152,Oscar,
8,13,152,Pam,
8,13,152,Phyllis,
8,13,152,Ryan,
8,13,152,Stanley,
8,13,152,Toby,
8,14,153,Andy,
8,14,153,Angela,
8,14,153,Creed,
8,14,153,Darryl,
8,14,153,Dwight,
8,14,153,Erin,
8,14,153,Jim,
8,14,153,Kelly,
8,14,153,Kevin,
8,14,153,Meredith,
8,14,153,Oscar,
8,14,153,Pam,
8,14,153,Phyllis,
8,14,153,Ryan,
8,14,153,Stanley,
8,14,153,Toby,
8,15,154,Andy,
8,15,154,Creed,
8,15,154,Darryl,
8,15,154,Dwight,
8,15,154,Erin,
8,15,154,Jim,
8,15,154,Kelly,
8,15,154,Kevin,
8,15,154,Meredith,
8,15,154,Nellie,
8,15,154,Oscar,
8,15,154,Pam,
8,15,154,Ryan,
8,15,154,Stanley,
8,16,155,Andy,
8,16,155,Angela,
8,16,155,Darryl,
8,16,155,Dwight,
8,16,155,Erin,
8,16,155,Gabe,
8,16,155,Jim,
8,16,155,Kelly,
8,16,155,Kevin,
8,16,155,Nellie,
8,16,155,Oscar,
8,16,155,Pam,
8,16,155,Phyllis,
8,16,155,Ryan,
8,16,155,Stanley,
8,17,156,Andy,
8,17,156,Angela,
8,17,156,Creed,
8,17,156,Darryl,
8,17,156,Dwight,
8,17,156,Erin,
8,17,156,Jim,
8,17,156,Kelly,
8,17,156,Kevin,
8,17,156,Meredith,
8,17,156,Nellie,
8,17,156,Oscar,
8,17,156,Pam,
8,17,156,Phyllis,
8,17,156,Ryan,
8,17,156,Stanley,
8,17,156,Toby,
8,17,156,Todd Packer,
8,18,157,Andy,
8,18,157,Angela,
8,18,157,Creed,
8,18,157,Darryl,
8,18,157,Dwight,
8,18,157,Erin,
8,18,157,Gabe,
8,18,157,Jim,
8,18,157,Kelly,
8,18,157,Kevin,
8,18,157,Meredith,
8,18,157,Nellie,
8,18,157,Oscar,
8,18,157,Pam,
8,18,157,Phyllis,
8,18,157,Ryan,
8,18,157,Stanley,
8,18,157,Toby,
8,18,157,Todd Packer,
8,19,158,Andy,
8,19,158,Angela,
8,19,158,Creed,
8,19,158,Darryl,
8,19,158,Dwight,
8,19,158,Erin,
8,19,158,Jim,
8,19,158,Kelly,
8,19,158,Kevin,
8,19,158,Meredith,
8,19,158,Nellie,
8,19,158,Oscar,
8,19,158,Pam,
8,19,158,Phyllis,
8,19,158,Robert,
8,19,158,Ryan,
8,19,158,Stanley,
8,19,158,Toby,
8,20,159,Andy,
8,20,159,Angela,
8,20,159,Creed,
8,20,159,Darryl,
8,20,159,Dwight,
8,20,159,Erin,
8,20,159,Gabe,
8,20,159,Jim,
8,20,159,Kevin,
8,20,159,Nellie,
8,20,159,Oscar,
8,20,159,Pam,
8,20,159,Phyllis,
8,20,159,Robert,
8,20,159,Ryan,
8,20,159,Stanley,
8,21,160,Andy,
8,21,160,Angela,
8,21,160,Creed,
8,21,160,Darryl,
8,21,160,Dwight,
8,21,160,Erin,
8,21,160,Gabe,
8,21,160,Jim,
8,21,160,Kelly,
8,21,160,Kevin,
8,21,160,Meredith,
8,21,160,Nellie,
8,21,160,Oscar,
8,21,160,Pam,
8,21,160,Phyllis,
8,21,160,Robert,
8,21,160,Ryan,
8,21,160,Stanley,
8,21,160,Toby,
8,22,161,Andy,
8,22,161,Angela,
8,22,161,Creed,
8,22,161,Darryl,
8,22,161,David,
8,22,161,Dwight,
8,22,161,Erin,
8,22,161,Jim,
8,22,161,Kevin,
8,22,161,Meredith,
8,22,161,Nellie,
8,22,161,Oscar,
8,22,161,Pam,
8,22,161,Phyllis,
8,22,161,Robert,
8,22,161,Ryan,
8,22,161,Stanley,
8,23,162,Andy,
8,23,162,Angela,
8,23,162,Creed,
8,23,162,David,
8,23,162,Dwight,
8,23,162,Erin,
8,23,162,Gabe,
8,23,162,Jim,
8,23,162,Kevin,
8,23,162,Nellie,
8,23,162,Oscar,
8,23,162,Pam,
8,23,162,Phyllis,
8,23,162,Robert,
8,23,162,Stanley,
8,23,162,Toby,
8,24,163,Andy,
8,24,163,Angela,
8,24,163,Creed,
8,24,163,Darryl,
8,24,163,David,
8,24,163,Dwight,
8,24,163,Erin,
8,24,163,Gabe,
8,24,163,Jim,
8,24,163,Kelly,
8,24,163,Kevin,
8,24,163,Meredith,
8,24,163,Nellie,
8,24,163,Oscar,
8,24,163,Pam,
8,24,163,Phyllis,
8,24,163,Robert,
8,24,163,Stanley,
8,24,163,Toby,
9,1,164,Andy,
9,1,164,Angela,
9,1,164,Clark,
9,1,164,Creed,
9,1,164,Darryl,
9,1,164,David,
9,1,164,Dwight,
9,1,164,Erin,
9,1,164,Jim,
9,1,164,Kelly,
9,1,164,Kevin,
9,1,164,Meredith,
9,1,164,Nellie,
9,1,164,Oscar,
9,1,164,Pam,
9,1,164,Pete,
9,1,164,Phyllis,
9,1,164,Ryan,
9,1,164,Stanley,
9,1,164,Toby,
9,2,165,Andy,
9,2,165,Angela,
9,2,165,Clark,
9,2,165,Creed,
9,2,165,Darryl,
9,2,165,Dwight,
9,2,165,Erin,
9,2,165,Jim,
9,2,165,Kevin,
9,2,165,Meredith,
9,2,165,Nellie,
9,2,165,Oscar,
9,2,165,Pam,
9,2,165,Pete,
9,2,165,Phyllis,
9,2,165,Roy,
9,2,165,Stanley,
9,2,165,Toby,
9,3,166,Andy,
9,3,166,Angela,
9,3,166,Clark,
9,3,166,Darryl,
9,3,166,Dwight,
9,3,166,Erin,
9,3,166,Jim,
9,3,166,Kevin,
9,3,166,Meredith,
9,3,166,Nellie,
9,3,166,Oscar,
9,3,166,Pam,
9,3,166,Pete,
9,3,166,Phyllis,
9,3,166,Stanley,
9,4,167,Andy,
9,4,167,Angela,
9,4,167,Clark,
9,4,167,Creed,
9,4,167,Darryl,
9,4,167,Dwight,
9,4,167,Erin,
9,4,167,Jim,
9,4,167,Kevin,
9,4,167,Meredith,
9,4,167,Nellie,
9,4,167,Oscar,
9,4,167,Pam,
9,4,167,Pete,
9,4,167,Phyllis,
9,4,167,Stanley,
9,4,167,Toby,
9,5,168,Andy,
9,5,168,Angela,
9,5,168,Clark,
9,5,168,Creed,
9,5,168,Darryl,
9,5,168,Dwight,
9,5,168,Erin,
9,5,168,Jim,
9,5,168,Kevin,
9,5,168,Meredith,
9,5,168,Nellie,
9,5,168,Oscar,
9,5,168,Pam,
9,5,168,Pete,
9,5,168,Stanley,
9,5,168,Toby,
9,6,169,Andy,
9,6,169,Angela,
9,6,169,Creed,
9,6,169,Darryl,
9,6,169,David Wallace,
9,6,169,Dwight,
9,6,169,Erin,
9,6,169,Jim,
9,6,169,Kevin,
9,6,169,Meredith,
9,6,169,Nellie,
9,6,169,Oscar,
9,6,169,Pam,
9,6,169,Pete,
9,6,169,Toby,
9,7,170,Andy,
9,7,170,Angela,
9,7,170,Clark,
9,7,170,Creed,
9,7,170,Darryl,
9,7,170,David,
9,7,170,Dwight,
9,7,170,Erin,
9,7,170,Jan,
9,7,170,Jim,
9,7,170,Kevin,
9,7,170,Meredith,
9,7,170,Nellie,
9,7,170,Oscar,
9,7,170,Pam,
9,7,170,Pete,
9,7,170,Phyllis,
9,7,170,Toby,
9,8,171,Angela,
9,8,171,Creed,
9,8,171,Darryl,
9,8,171,David,
9,8,171,Dwight,
9,8,171,Erin,
9,8,171,Jim,
9,8,171,Kevin,
9,8,171,Meredith,
9,8,171,Nellie,
9,8,171,Oscar,
9,8,171,Pam,
9,8,171,Pete,
9,8,171,Phyllis,
9,8,171,Stanley,
9,8,171,Toby,
9,9,172,Angela,
9,9,172,Creed,
9,9,172,Darryl,
9,9,172,Dwight,
9,9,172,Erin,
9,9,172,Jim,
9,9,172,Kevin,
9,9,172,Meredith,
9,9,172,Nellie,
9,9,172,Oscar,
9,9,172,Pam,
9,9,172,Pete,
9,9,172,Phyllis,
9,9,172,Stanley,
9,9,172,Toby,
9,10,173,Angela,
9,10,173,Creed,
9,10,173,Darryl,
9,10,173,Dwight,
9,10,173,Erin,
9,10,173,Jim,
9,10,173,Kevin,
9,10,173,Meredith,
9,10,173,Nellie,
9,10,173,Oscar,
9,10,173,Pam,
9,10,173,Pete,
9,10,173,Phyllis,
9,10,173,Stanley,
9,11,174,Angela,
9,11,174,Clark,
9,11,174,Creed,
9,11,174,Darryl,
9,11,174,Dwight,
9,11,174,Erin,
9,11,174,Jim,
9,11,174,Kevin,
9,11,174,Meredith,
9,11,174,Nellie,
9,11,174,Oscar,
9,11,174,Pam,
9,11,174,Pete,
9,11,174,Phyllis,
9,11,174,Stanley,
9,12,175,Angela,
9,12,175,Clark,
9,12,175,Creed,
9,12,175,Darryl,
9,12,175,Dwight,
9,12,175,Erin,
9,12,175,Jim,
9,12,175,Kevin,
9,12,175,Meredith,
9,12,175,Nellie,
9,12,175,Oscar,
9,12,175,Pam,
9,12,175,Pete,
9,12,175,Phyllis,
9,12,175,Stanley,
9,12,175,Toby,
9,13,176,Angela,
9,13,176,Clark,
9,13,176,Darryl,
9,13,176,David Wallace,
9,13,176,Dwight,
9,13,176,Erin,
9,13,176,Jim,
9,13,176,Kevin,
9,13,176,Meredith,
9,13,176,Nellie,
9,13,176,Oscar,
9,13,176,Pam,
9,13,176,Stanley,
9,14,177,Angela,
9,14,177,Clark,
9,14,177,Creed,
9,14,177,Darryl,
9,14,177,Dwight,
9,14,177,Erin,
9,14,177,Jim,
9,14,177,Kevin,
9,14,177,Meredith,
9,14,177,Nellie,
9,14,177,Oscar,
9,14,177,Pam,
9,14,177,Phyllis,
9,14,177,Toby,
9,15,178,Andy,
9,15,178,Angela,
9,15,178,Clark,
9,15,178,Darryl,
9,15,178,David Wallace,
9,15,178,Dwight,
9,15,178,Erin,
9,15,178,Jan,
9,15,178,Jim,
9,15,178,Kevin,
9,15,178,Meredith,
9,15,178,Nellie,
9,15,178,Oscar,
9,15,178,Pam,
9,15,178,Pete,
9,15,178,Phyllis,
9,15,178,Stanley,
9,16,179,Andy,
9,16,179,Angela,
9,16,179,Clark,
9,16,179,Creed,
9,16,179,Darryl,
9,16,179,David,
9,16,179,David Wallace,
9,16,179,Dwight,
9,16,179,Erin,
9,16,179,Gabe,
9,16,179,Jim,
9,16,179,Kevin,
9,16,179,Meredith,
9,16,179,Nellie,
9,16,179,Oscar,
9,16,179,Pam,
9,16,179,Pete,
9,16,179,Phyllis,
9,16,179,Stanley,
9,16,179,Toby,
9,17,180,Andy,
9,17,180,Angela,
9,17,180,Clark,
9,17,180,Creed,
9,17,180,Darryl,
9,17,180,Dwight,
9,17,180,Erin,
9,17,180,Jim,
9,17,180,Kevin,
9,17,180,Meredith,
9,17,180,Nellie,
9,17,180,Oscar,
9,17,180,Pam,
9,17,180,Phyllis,
9,17,180,Stanley,
9,17,180,Todd Packer,
9,18,181,Andy,
9,18,181,Angela,
9,18,181,Clark,
9,18,181,Darryl,
9,18,181,Dwight,
9,18,181,Erin,
9,18,181,Jim,
9,18,181,Kevin,
9,18,181,Meredith,
9,18,181,Nellie,
9,18,181,Oscar,
9,18,181,Pam,
9,18,181,Pete,
9,18,181,Phyllis,
9,18,181,Stanley,
9,18,181,Toby,
9,19,182,Andy,
9,19,182,Angela,
9,19,182,Clark,
9,19,182,Creed,
9,19,182,Dwight,
9,19,182,Erin,
9,19,182,Jim,
9,19,182,Kevin,
9,19,182,Meredith,
9,19,182,Nellie,
9,19,182,Oscar,
9,19,182,Pam,
9,19,182,Pete,
9,19,182,Phyllis,
9,19,182,Robert,
9,19,182,Stanley,
9,19,182,Toby,
9,20,183,Andy,
9,20,183,Angela,
9,20,183,Clark,
9,20,183,Creed,
9,20,183,Darryl,
9,20,183,Dwight,
9,20,183,Erin,
9,20,183,Jim,
9,20,183,Kevin,
9,20,183,Nellie,
9,20,183,Oscar,
9,20,183,Pam,
9,20,183,Pete,
9,20,183,Robert,
9,20,183,Stanley,
9,20,183,Toby,
9,21,184,Andy,
9,21,184,Angela,
9,21,184,Clark,
9,21,184,Creed,
9,21,184,Darryl,
9,21,184,David Wallace,
9,21,184,Dwight,
9,21,184,Erin,
9,21,184,Jim,
9,21,184,Kevin,
9,21,184,Meredith,
9,21,184,Nellie,
9,21,184,Oscar,
9,21,184,Pam,
9,21,184,Pete,
9,21,184,Phyllis,
9,21,184,Stanley,
9,21,184,Toby,
9,22,185,Andy,
9,22,185,Angela,
9,22,185,Clark,
9,22,185,Creed,
9,22,185,Darryl,
9,22,185,Dwight,
9,22,185,Erin,
9,22,185,Jim,
9,22,185,Kevin,
9,22,185,Meredith,
9,22,185,Oscar,
9,22,185,Pam,
9,22,185,Pete,
9,22,185,Phyllis,
9,22,185,Stanley,
9,23,186,Andy,
9,23,186,Angela,
9,23,186,Clark,
9,23,186,Creed,
9,23,186,Darryl,
9,23,186,David Wallace,
9,23,186,Dwight,
9,23,186,Erin,
9,23,186,Jim,
9,23,186,Kelly,
9,23,186,Kevin,
9,23,186,Meredith,
9,23,186,Michael,
9,23,186,Nellie,
9,23,186,Oscar,
9,23,186,Pam,
9,23,186,Pete,
9,23,186,Phyllis,
9,23,186,Ryan,
9,23,186,Stanley,
9,23,186,Toby,
